id;sku;lot;name;auction_url;auction_end;current_auction_eur;auction_fee_rate_percent;auction_fees_eur;vat_status;vat_rate_percent;vat_eur;purchase_total_eur;photo_count;quick_sale_lot_eur;normal_resale_gross_eur;quick_margin_before_other_costs_eur;normal_margin_before_other_costs_eur;confidence_percent;demand;estimated_sale_days_min;estimated_sale_days_max;valuation_method;main_risks;device_checks;source_ids;source_titles;source_urls
302468;260633BR302468;271;Lot de 19 ordinateurs portables DYNABOOK Satellite Pro C40;https://encheres-domaine.gouv.fr/lot/lotde19pcportabledynabook-sanschargeurs-sacoches-1.html;2026-09-17T08:00:00+00:00;1150.0;11.0;126.5;non_mentionnee;;0.0;1276.5;1;1805;2850;528.5;1573.5;68;moyenne;14;75;"95 EUR/unité en sortie de lot; 150 EUR/unité testée et vendue séparément.";"Chargeurs absents; état fonctionnel non garanti; modèle peu présent sur leboncoin.";[];lbc_dell_7490;"[""Dell Latitude 7490 i5 d'occasion — leboncoin""]";https://www.leboncoin.fr/ck/ordinateurs/pc-portable-dell-latitude-7490-i5
302466;260633BR302466;272;Lot de 30 ordinateurs portable DYNABOOK Satellite Pro C40;https://encheres-domaine.gouv.fr/lot/lotde30pcportabledynabook-sanschargeurs-sacoches-1.html;2026-09-17T08:00:00+00:00;1600.0;11.0;176.0;non_mentionnee;;0.0;1776.0;2;2850;4500;1074.0;2724.0;68;moyenne;14;75;"95 EUR/unité en sortie de lot; 150 EUR/unité testée et vendue séparément.";"Chargeurs absents; état fonctionnel non garanti; modèle peu présent sur leboncoin.";[];lbc_dell_7490;"[""Dell Latitude 7490 i5 d'occasion — leboncoin""]";https://www.leboncoin.fr/ck/ordinateurs/pc-portable-dell-latitude-7490-i5
302464;260633BR302464;273;Lot de 20 ordinateurs portables DYNABOOK Satellite Pro C40;https://encheres-domaine.gouv.fr/lot/lotde20pcportabledynabook-sanschargeurs-sacoches-1.html;2026-09-17T08:00:00+00:00;1200.0;11.0;132.0;non_mentionnee;;0.0;1332.0;2;1900;3000;568.0;1668.0;68;moyenne;14;75;"95 EUR/unité en sortie de lot; 150 EUR/unité testée et vendue séparément.";"Chargeurs absents; état fonctionnel non garanti; modèle peu présent sur leboncoin.";[];lbc_dell_7490;"[""Dell Latitude 7490 i5 d'occasion — leboncoin""]";https://www.leboncoin.fr/ck/ordinateurs/pc-portable-dell-latitude-7490-i5
302462;260633BR302462;274;Lot de 11 ordinateurs portables  DELL avec station d'accueil;https://encheres-domaine.gouv.fr/lot/lotde11pcportabledell-8stationd-accueil-1.html;2026-09-17T08:00:00+00:00;300.0;11.0;33.0;non_mentionnee;;0.0;333.0;1;1600;2350;1267.0;2017.0;74;moyenne;14;60;"Mélange de 11 Latitude à 130-210 EUR testés, plus 8 docks; décote de lot.";Répartition exacte 7400/7490/7480/E7470 et état batteries inconnus.;[];lbc_dell_7490;"[""Dell Latitude 7490 i5 d'occasion — leboncoin""]";https://www.leboncoin.fr/ck/ordinateurs/pc-portable-dell-latitude-7490-i5
302459;260633BR302459;275;Lot de switch ARUBA et HP;https://encheres-domaine.gouv.fr/lot/lotde19switch-arubaethp-1.html;2026-09-17T08:00:00+00:00;100.0;11.0;11.0;non_mentionnee;;0.0;111.0;11;1000;1800;889.0;1689.0;61;faible;30;150;Somme des valeurs par modèle avec forte décote de gros et d'obsolescence.;"Références PoE/non-PoE ambiguës; matériel non présenté comme testé; acheteurs spécialisés.";[];lbc_aruba;"[""Matériel Aruba d'occasion — leboncoin""]";https://www.leboncoin.fr/ck/accessoires_informatique/aruba/p-3
302453;260633BR302453;276;Lot de 27 bornes Wifi ARUBA;https://encheres-domaine.gouv.fr/lot/lotde27borneswifiaruba-1.html;2026-09-17T08:00:00+00:00;80.0;11.0;8.8;non_mentionnee;;0.0;88.8;1;120;300;31.2;211.2;58;faible;45;180;Anciennes bornes 802.11n valorisées 4-11 EUR/unité selon vente en bloc ou détail.;AP-105 obsolètes, alimentations absentes, configuration entreprise potentiellement bloquante.;[];lbc_aruba;"[""Matériel Aruba d'occasion — leboncoin""]";https://www.leboncoin.fr/ck/accessoires_informatique/aruba/p-3
302452;260633BR302452;277;Lot de 10 ordinateurs portables TOSHIBA;https://encheres-domaine.gouv.fr/lot/lotde10pcportabletoshiba-1-doo-1.html;2026-09-17T08:00:00+00:00;200.0;11.0;22.0;non_mentionnee;;0.0;222.0;5;500;800;278.0;578.0;66;faible;30;120;"50 EUR/unité en lot; 70-90 EUR/unité testée avec chargeur.";"Machines anciennes à disque dur mécanique; batteries et RAM non précisées.";[];lbc_dell_7490;"[""Dell Latitude 7490 i5 d'occasion — leboncoin""]";https://www.leboncoin.fr/ck/ordinateurs/pc-portable-dell-latitude-7490-i5
302451;260633BR302451;278;Lot de 14 ordinaterus portables TOSHIBA R50;https://encheres-domaine.gouv.fr/lot/lotde14pcportabletoshiba-1.html;2026-09-17T08:00:00+00:00;350.0;11.0;38.5;non_mentionnee;;0.0;388.5;4;630;1050;241.5;661.5;67;faible;30;120;"45 EUR/unité en lot; 75 EUR/unité après test et nettoyage.";Core i3 de génération non précisée, HDD 500 Go, batterie inconnue.;[];lbc_dell_7490;"[""Dell Latitude 7490 i5 d'occasion — leboncoin""]";https://www.leboncoin.fr/ck/ordinateurs/pc-portable-dell-latitude-7490-i5
302450;260633BR302450;279;Lot de 13 ordinateurs portables TOSHIBA R50;https://encheres-domaine.gouv.fr/lot/lotde13pcportabletoshiba-1.html;2026-09-17T08:00:00+00:00;320.0;11.0;35.2;non_mentionnee;;0.0;355.2;3;585;975;229.8;619.8;67;faible;30;120;"45 EUR/unité en lot; 75 EUR/unité après test et nettoyage.";Core i3 de génération non précisée, HDD 500 Go, batterie inconnue.;[];lbc_dell_7490;"[""Dell Latitude 7490 i5 d'occasion — leboncoin""]";https://www.leboncoin.fr/ck/ordinateurs/pc-portable-dell-latitude-7490-i5
302449;260633BR302449;280;Lot de 10 ordinateurs portables TOSHIBA R50;https://encheres-domaine.gouv.fr/lot/lotde10pcportabletoshiba-1.html;2026-09-17T08:00:00+00:00;250.0;11.0;27.5;non_mentionnee;;0.0;277.5;2;450;750;172.5;472.5;67;faible;30;120;"45 EUR/unité en lot; 75 EUR/unité après test et nettoyage.";Core i3 de génération non précisée, HDD 500 Go, batterie inconnue.;[];lbc_dell_7490;"[""Dell Latitude 7490 i5 d'occasion — leboncoin""]";https://www.leboncoin.fr/ck/ordinateurs/pc-portable-dell-latitude-7490-i5
302446;260633BR302446;281;Lot de 11 ordinateurs portables TOSHIBA R40;https://encheres-domaine.gouv.fr/lot/lotde11pcportabletoshiba-1.html;2026-09-17T08:00:00+00:00;260.0;11.0;28.6;non_mentionnee;;0.0;288.6;1;495;825;206.4;536.4;67;faible;30;120;"45 EUR/unité en lot; 75 EUR/unité après test et nettoyage.";Core i3 de génération non précisée, HDD 500 Go, batterie inconnue.;[];lbc_dell_7490;"[""Dell Latitude 7490 i5 d'occasion — leboncoin""]";https://www.leboncoin.fr/ck/ordinateurs/pc-portable-dell-latitude-7490-i5
302443;260633BR302443;282;Lot de 20 ordinateurs portables TOSHIBA R40;https://encheres-domaine.gouv.fr/lot/lotde20pcportabletoshiba-1.html;2026-09-17T08:00:00+00:00;500.0;11.0;55.0;non_mentionnee;;0.0;555.0;2;900;1500;345.0;945.0;67;faible;30;120;"45 EUR/unité en lot; 75 EUR/unité après test et nettoyage.";Core i3 de génération non précisée, HDD 500 Go, batterie inconnue.;[];lbc_dell_7490;"[""Dell Latitude 7490 i5 d'occasion — leboncoin""]";https://www.leboncoin.fr/ck/ordinateurs/pc-portable-dell-latitude-7490-i5
302442;260633BR302442;283;Lot de 6 ordinateurs portables DYNABOOK Satellite Pro C40;https://encheres-domaine.gouv.fr/lot/lotde6pcportabledynabook-1.html;2026-09-17T08:00:00+00:00;200.0;11.0;22.0;non_mentionnee;;0.0;222.0;3;720;1020;498.0;798.0;70;moyenne;14;60;"120 EUR/unité en lot; 170 EUR/unité testée avec chargeur et sacoche.";État batterie et génération exacte du Core i3 à confirmer.;[];lbc_dell_7490;"[""Dell Latitude 7490 i5 d'occasion — leboncoin""]";https://www.leboncoin.fr/ck/ordinateurs/pc-portable-dell-latitude-7490-i5
302440;260633BR302440;284;Lot de 17 ordinateurs portables DYNABOOK Satellite Pro C40;https://encheres-domaine.gouv.fr/lot/lotde17pcportabledynabook-1.html;2026-09-17T08:00:00+00:00;1000.0;11.0;110.0;non_mentionnee;;0.0;1110.0;3;2210;3060;1100.0;1950.0;70;moyenne;14;75;"130 EUR/unité en lot; 180 EUR/unité testée avec chargeur/sacoche.";"État batteries non documenté; forte quantité du même modèle sur le marché local.";[];lbc_dell_7490;"[""Dell Latitude 7490 i5 d'occasion — leboncoin""]";https://www.leboncoin.fr/ck/ordinateurs/pc-portable-dell-latitude-7490-i5
302439;260633BR302439;285;Lot de 20 ordinateurs portables DYNABOOK Satellite Pro C40;https://encheres-domaine.gouv.fr/lot/lotde20pcportabledynabook-sacoches-1.html;2026-09-17T08:00:00+00:00;1200.0;11.0;132.0;non_mentionnee;;0.0;1332.0;4;2600;3600;1268.0;2268.0;70;moyenne;14;75;"130 EUR/unité en lot; 180 EUR/unité testée avec chargeur/sacoche.";"État batteries non documenté; forte quantité du même modèle sur le marché local.";[];lbc_dell_7490;"[""Dell Latitude 7490 i5 d'occasion — leboncoin""]";https://www.leboncoin.fr/ck/ordinateurs/pc-portable-dell-latitude-7490-i5
302437;260633BR302437;286;Lot de 21 ordinateurs  portables  DYNABOOK Satellite Pro C40;https://encheres-domaine.gouv.fr/lot/lotde21pcportabledynabook-sacoches-1.html;2026-09-17T08:00:00+00:00;600.0;11.0;66.0;non_mentionnee;;0.0;666.0;3;2300;3150;1634.0;2484.0;68;moyenne;14;75;"110 EUR/unité en lot; 150 EUR/unité testée pour le C40-H-115.";Génération plus ancienne et état batteries non documenté.;[];lbc_dell_7490;"[""Dell Latitude 7490 i5 d'occasion — leboncoin""]";https://www.leboncoin.fr/ck/ordinateurs/pc-portable-dell-latitude-7490-i5
302436;260633BR302436;287;Lot de 11 ordinateurs portables DYNABOOK  Satellite Pro C40;https://encheres-domaine.gouv.fr/lot/lotde11pcportabledynabook-sacoches-1.html;2026-09-17T08:00:00+00:00;650.0;11.0;71.5;non_mentionnee;;0.0;721.5;4;1430;1980;708.5;1258.5;70;moyenne;14;75;"130 EUR/unité en lot; 180 EUR/unité testée avec chargeur/sacoche.";"État batteries non documenté; forte quantité du même modèle sur le marché local.";[];lbc_dell_7490;"[""Dell Latitude 7490 i5 d'occasion — leboncoin""]";https://www.leboncoin.fr/ck/ordinateurs/pc-portable-dell-latitude-7490-i5
302434;260633BR302434;288;Lot de 19 ordinateurs portables DYNABOOK;https://encheres-domaine.gouv.fr/lot/lotde19pcportabledynabook-sacoches-1.html;2026-09-17T08:00:00+00:00;1100.0;11.0;121.0;non_mentionnee;;0.0;1221.0;4;2470;3420;1249.0;2199.0;70;moyenne;14;75;"130 EUR/unité en lot; 180 EUR/unité testée avec chargeur/sacoche.";"État batteries non documenté; forte quantité du même modèle sur le marché local.";[];lbc_dell_7490;"[""Dell Latitude 7490 i5 d'occasion — leboncoin""]";https://www.leboncoin.fr/ck/ordinateurs/pc-portable-dell-latitude-7490-i5
302433;260633BR302433;289;Lot de 16 ordinateurs portables DYNABOOK  Satellite Pro C40;https://encheres-domaine.gouv.fr/lot/lotde16pcportabledynabook-sacoches-1.html;2026-09-17T08:00:00+00:00;950.0;11.0;104.5;non_mentionnee;;0.0;1054.5;4;2080;2880;1025.5;1825.5;70;moyenne;14;75;"130 EUR/unité en lot; 180 EUR/unité testée avec chargeur/sacoche.";"État batteries non documenté; forte quantité du même modèle sur le marché local.";[];lbc_dell_7490;"[""Dell Latitude 7490 i5 d'occasion — leboncoin""]";https://www.leboncoin.fr/ck/ordinateurs/pc-portable-dell-latitude-7490-i5
302432;260633BR302432;290;Lot de 10 ordinateurs portables DYNABOOK Satellite Pro C40;https://encheres-domaine.gouv.fr/lot/lotde10pcportabledynabook-1.html;2026-09-17T08:00:00+00:00;600.0;11.0;66.0;non_mentionnee;;0.0;666.0;4;1300;1800;634.0;1134.0;70;moyenne;14;75;"130 EUR/unité en lot; 180 EUR/unité testée avec chargeur/sacoche.";"État batteries non documenté; forte quantité du même modèle sur le marché local.";[];lbc_dell_7490;"[""Dell Latitude 7490 i5 d'occasion — leboncoin""]";https://www.leboncoin.fr/ck/ordinateurs/pc-portable-dell-latitude-7490-i5
302420;260633BR302420;291;Lot de 59 PC fixes;https://encheres-domaine.gouv.fr/lot/lotde59pcfixes-1.html;2026-09-17T08:00:00+00:00;300.0;11.0;33.0;non_mentionnee;;0.0;333.0;6;3500;6000;3167.0;5667.0;58;faible;45;180;Valorisation moyenne 60-100 EUR par tour selon configuration, avec décote logistique.;CPU/RAM/stockage non détaillés, câbles absents, transport de 59 unités.;[];bm_e595;"[""Lenovo ThinkPad E595 Ryzen 5 16/256 — Back Market""]";https://www.backmarket.fr/fr-fr/p/lenovo-e595-15-ryzen-5-3500u-ghz-ssd-256-go-16-go/7c3dcefc-9ebf-48df-8d27-50ff8082cddb
338394;260833BA338394;300;Trottinette électrique WISPEED X1030;https://encheres-domaine.gouv.fr/lot/trottinette-electrique-wispeed-x1030.html;2026-09-17T08:00:00+00:00;40.0;11.0;4.4;non_mentionnee;;0.0;44.4;10;120;220;75.6;175.6;69;moyenne;14;60;Valeur d'une X1030 non testée avec petit défaut mécanique, contre une revente testée.;"Batterie et moteur non testés; vis de guidon manquante; transport contraignant.";[];;[];
300850;260433BA270842;302;Drone DJI Matrice 210;https://encheres-domaine.gouv.fr/lot/drone-dji-matrice-210-1.html;2026-09-17T08:00:00+00:00;1000.0;11.0;110.0;non_mentionnee;;0.0;1110.0;11;1800;3000;690.0;1890.0;56;faible;45;240;"Plateforme M210, Cendence, écran, batteries et valise; décote forte car sans caméra/payload récent.";Ancienne plateforme entreprise, batteries TB55 vieillissantes, aucune caméra Zenmuse listée, marché étroit.;[];;[];
297104;260633BA297104;304;TV LG et console de jeu SONY PS5;https://encheres-domaine.gouv.fr/lot/lot-tv-lg-et-console-de-jeu-ps5.html;2026-09-17T08:00:00+00:00;100.0;11.0;11.0;non_mentionnee;;0.0;111.0;3;250;420;139.0;309.0;70;forte;7;30;"PS5 et deux manettes dominent la valeur; TV LG endommagée presque sans valeur.";"PS5 non testée et sans câble; TV rayée et pieds défectueux.";[];lbc_ps5,lbc_ps5_bundles;"[""Console Sony PS5 d'occasion — leboncoin"", ""PS5 avec jeux et manettes — leboncoin""]";https://www.leboncoin.fr/c/consoles/console_brand%3Asony%2Bconsole_model%3Aps5 | https://www.leboncoin.fr/ck/consoles/ps5-jeux-manettes
297230;260633BA297230;305;Lot TV SONY, console de jeu SONY PS4 et jeux vidéos;https://encheres-domaine.gouv.fr/lot/lot-tv-sony-console-de-jeu-ps4-et-jeux-videos.html;2026-09-17T08:00:00+00:00;80.0;11.0;8.8;non_mentionnee;;0.0;88.8;7;220;350;131.2;261.2;66;moyenne;14;60;PS4, deux manettes, home-cinéma et 17 jeux anciens valorisés séparément.;"Jeux de plateformes différentes; TV ancienne sans télécommande.";[];lbc_ps5_bundles;"[""PS5 avec jeux et manettes — leboncoin""]";https://www.leboncoin.fr/ck/consoles/ps5-jeux-manettes
324131;260733BA324131;306;Lot TV et consoles de jeux;https://encheres-domaine.gouv.fr/lot/lot-tv-et-consoles-de-jeux.html;2026-09-17T08:00:00+00:00;50.0;11.0;5.5;non_mentionnee;;0.0;55.5;4;300;520;244.5;464.5;67;moyenne;14;60;PS4, Xbox One S et TV 55 pouces, avec décote de lot encombrant.;"Deux consoles non testées; TV sans télécommande; enlèvement local.";[];lbc_ps5_bundles,lbc_xbox_s;"[""PS5 avec jeux et manettes — leboncoin"", ""Xbox Series S d'occasion — leboncoin""]";https://www.leboncoin.fr/ck/consoles/ps5-jeux-manettes | https://www.leboncoin.fr/c/consoles/console_brand%3Amicrosoft%2Bconsole_model%3Axboxseriess%2Bvideo_game_type%3Aconsole
324273;260733BA324273;307;Lot TV SAMSUNG et consoles de jeux;https://encheres-domaine.gouv.fr/lot/lot-tv-samsung-et-console-de-jeux.html;2026-09-17T08:00:00+00:00;50.0;11.0;5.5;non_mentionnee;;0.0;55.5;4;280;500;224.5;444.5;64;moyenne;14;75;Deux PS4 et deux manettes représentent l'essentiel de la valeur.;"Consoles non testées; TV rayée et encombrante.";[];lbc_ps5_bundles;"[""PS5 avec jeux et manettes — leboncoin""]";https://www.leboncoin.fr/ck/consoles/ps5-jeux-manettes
324364;260733BA324364;308;Lot TV LG et console de jeux;https://encheres-domaine.gouv.fr/lot/lot-tv-lg-et-console-de-jeux.html;2026-09-17T08:00:00+00:00;30.0;11.0;3.3;non_mentionnee;;0.0;33.3;4;150;260;116.7;226.7;68;moyenne;14;60;"PS4 avec manette; TV décotée pour défaut de dalle.";"Console non testée; ligne verticale de pixels sur la TV.";[];lbc_ps5_bundles;"[""PS5 avec jeux et manettes — leboncoin""]";https://www.leboncoin.fr/ck/consoles/ps5-jeux-manettes
324538;260733BA324538;309;Lot TV SAMSUNG et console de jeux;https://encheres-domaine.gouv.fr/lot/lot-tv-samsung-et-console-de-jeux-doo-1.html;2026-09-17T08:00:00+00:00;30.0;11.0;3.3;non_mentionnee;;0.0;33.3;3;170;300;136.7;266.7;67;moyenne;14;60;"PS4, deux manettes et casque; TV ancienne fortement décotée.";Ensemble non testé, câble console absent, TV rayée.;[];lbc_ps5_bundles;"[""PS5 avec jeux et manettes — leboncoin""]";https://www.leboncoin.fr/ck/consoles/ps5-jeux-manettes
297974;260633BA297974;310;Lot informatique : écran, unité centrale et accessoires;https://encheres-domaine.gouv.fr/lot/lot-informatique-ecran-unite-centrale-et-accessoires.html;2026-09-17T08:00:00+00:00;80.0;11.0;8.8;non_mentionnee;;0.0;88.8;8;400;800;311.2;711.2;54;moyenne;21;90;Écran gaming, tour inconnue, manette Astro C40, disques LaCie et petit matériel.;"CPU/RAM de la tour inconnus; tout est non testé; nombreuses petites pièces lentes à écouler.";[];;[];
302000;260633BA302000;311;APPLE iPhone 16 et batterie externe;https://encheres-domaine.gouv.fr/lot/apple-iphone-16-doo-1.html;2026-09-17T08:00:00+00:00;80.0;11.0;8.8;non_mentionnee;;0.0;88.8;6;105;180;16.2;91.2;58;moyenne;21;90;"iPhone 16 valorisé uniquement comme donneur de pièces sous hypothèse iCloud ON; 5-10 EUR pour la batterie externe.";Aucune valeur d'usage: fonctionnement, authenticité des pièces, batterie et état interne inconnus.;"[{""device"": ""iPhone 16 128 Go"", ""imei_suffix"": null, ""find_my_iphone"": ""ON"", ""verification_basis"": ""assumed"", ""checked_on"": null, ""source"": ""Règle prudente demandée — aucun contrôle IMEI revendiqué"", ""valuation_effect"": ""Valeur pièces uniquement ; aucune valeur d'usage ni déblocage futur n'est supposé.""}]";lbc_iphone16;"[""iPhone 16 128 Go d'occasion — leboncoin""]";https://www.leboncoin.fr/c/telephones_objets_connectes/phone_brand%3Aapple%2Bphone_memory%3A128go%2Bphone_model%3Aiphone16
296119;260633BA296119;312;Lot APPLE;https://encheres-domaine.gouv.fr/lot/lot-apple-doo-4.html;2026-09-17T08:00:00+00:00;20.0;11.0;2.2;non_mentionnee;;0.0;22.2;10;160;300;137.8;277.8;48;moyenne;30;150;"Valeur pièces du MacBook et des trois iPad mini; l'iPhone X/XS écran HS est aussi limité aux pièces sous hypothèse iCloud ON.";"Écrans HS, modèles/capacités incomplets, aucun chargeur, tout non testé; aucune valeur d'usage pour l'iPhone.";"[{""device"": ""iPhone X ou XS, écran HS"", ""imei_suffix"": null, ""find_my_iphone"": ""ON"", ""verification_basis"": ""assumed"", ""checked_on"": null, ""source"": ""Règle prudente demandée — aucun contrôle IMEI revendiqué"", ""valuation_effect"": ""Valeur pièces uniquement ; aucune valeur d'usage ni déblocage futur n'est supposé.""}]";lbc_macbook_m1;"[""MacBook Air M1 A2337 d'occasion — leboncoin""]";https://www.leboncoin.fr/ck/ordinateurs/macbook-air-a2337
324620;260733BA324620;313;Lot multimédia;https://encheres-domaine.gouv.fr/lot/lot-multimedia-doo-6.html;2026-09-17T08:00:00+00:00;50.0;11.0;5.5;non_mentionnee;;0.0;55.5;4;180;340;124.5;284.5;59;moyenne;14;75;AirPods Pro, deux Jabra Elite 5 et deux anciennes GoPro valorisés après test.;Authenticité, batteries et fonctionnement non vérifiés.;[];lbc_gopro10;"[""GoPro Hero 10 Black d'occasion — leboncoin""]";https://www.leboncoin.fr/ck/photo_audio_video/gopro-10-black
340395;260833BA340395;314;Lot de casques de musique LOGITECH;https://encheres-domaine.gouv.fr/lot/lot-de-casque-de-musique-logitech.html;2026-09-17T08:00:00+00:00;200.0;11.0;22.0;non_mentionnee;;0.0;222.0;8;600;950;378.0;728.0;78;moyenne;21;120;"Environ 21 EUR/unité pour écoulement en lot; 34 EUR/unité en ventes séparées.";"28 unités non testées; risque de retours; concurrence élevée malgré emballages.";[];lbc_g435;"[""Logitech G435 d'occasion — leboncoin""]";https://www.leboncoin.fr/ck/photo_audio_video/casque-g435
311011;260733BA311011;317;Enceinte MARSHALL;https://encheres-domaine.gouv.fr/lot/enceinte-marshall.html;2026-09-17T08:00:00+00:00;30.0;11.0;3.3;non_mentionnee;;0.0;33.3;3;120;180;86.7;146.7;80;moyenne;7;30;Enceinte visuellement proche d'une Stanmore, annoncée fonctionnelle, avec défaut cosmétique.;"Version exacte non inscrite dans l'annonce; cuir abîmé.";[];lbc_marshall;"[""Marshall Stanmore d'occasion — leboncoin""]";https://www.leboncoin.fr/ck/photo_audio_video/enceinte-marshall-stanmore
341436;260833BA341436;319;Lot HIFI;https://encheres-domaine.gouv.fr/lot/lot-hifi.html;2026-09-17T08:00:00+00:00;20.0;11.0;2.2;non_mentionnee;;0.0;22.2;10;100;220;77.8;197.8;55;faible;30;120;Somme prudente du Sony GTK, des éléments LG et des petites enceintes.;Tout non testé, câbles LG absents, ensemble hétérogène et encombrant.;[];lbc_jbl;"[""JBL Charge 5 d'occasion — leboncoin""]";https://www.leboncoin.fr/ck/photo_audio_video/jbl-charge-5
306147;260633BA306147;321;PC Gamer et souris sans fil;https://encheres-domaine.gouv.fr/lot/pc-gamer-et-souris-sans-fils.html;2026-09-17T08:00:00+00:00;40.0;11.0;4.4;non_mentionnee;;0.0;44.4;4;180;350;135.6;305.6;46;moyenne;21;90;"RTX 2060 et disque 1 To donnent une valeur plancher; bonus si configuration complète correcte.";"CPU, RAM, carte mère et alimentation inconnus; PC poussiéreux et non testé.";[];;[];
303750;260633BA303750;344;Table de mixage PIONEER DJ DDJ-REV7;https://encheres-domaine.gouv.fr/lot/table-de-mixage-pioneer-dans-sa-boite-metallique-et-accessoires-connectiques-associes.html;2026-09-17T08:00:00+00:00;500.0;11.0;55.0;non_mentionnee;;0.0;555.0;9;1200;1650;645.0;1095.0;83;moyenne;14;60;DDJ-REV7 décoté car non testé, flight-case et casque inclus.;"Contrôleur non testé; réparation potentiellement chère; enlèvement spécialisé.";[];lbc_ddj_rev7;"[""Pioneer DDJ-REV7 d'occasion — leboncoin""]";https://www.leboncoin.fr/ck/photo_audio_video/ddj-rev7
304500;260535BR286517;305;Matériel de vidéo conférence;https://encheres-domaine.gouv.fr/lot/videoconference-2.html;2026-09-15T08:00:00+00:00;50.0;11.0;5.5;non_mentionnee;;0.0;55.5;1;20;80;-35.5;24.5;25;faible;60;240;Valeur de récupération d'un ancien ensemble Tandberg non inventorié.;"Modèles, complétude et fonctionnement inconnus; technologie probablement obsolète.";[];;[];
299305;260635BA299305;292;Divers informatique;https://encheres-domaine.gouv.fr/lot/divers-informatique.html;2026-09-15T08:00:00+00:00;50.0;11.0;5.5;non_mentionnee;;0.0;55.5;2;3200;6200;3144.5;6144.5;58;moyenne;30;180;24 E595, deux Latitude 5300, 10 barrettes 16 Go et disques, avec forte décote non-testé/gros.;"Configurations E595 non précisées; 26 portables non testés; travail de tri et d'effacement.";[];bm_e595,lbc_dell_7490;"[""Lenovo ThinkPad E595 Ryzen 5 16/256 — Back Market"", ""Dell Latitude 7490 i5 d'occasion — leboncoin""]";https://www.backmarket.fr/fr-fr/p/lenovo-e595-15-ryzen-5-3500u-ghz-ssd-256-go-16-go/7c3dcefc-9ebf-48df-8d27-50ff8082cddb | https://www.leboncoin.fr/ck/ordinateurs/pc-portable-dell-latitude-7490-i5
319895;260613BA305232;405;Lot de disques BEATLES;https://encheres-domaine.gouv.fr/lot/lot-de-disques-beatles-1.html;2026-09-24T08:00:00+00:00;75.0;11.0;8.25;non_mentionnee;;0.0;83.25;14;200;360;116.75;276.75;67;moyenne;21;90;Douze rééditions Beatles, pour la plupart scellées, plus photo de faible valeur.;"Pressages/années exacts inconnus; état des pochettes à vérifier.";[];;[];
315491;260713BA315491;406;SONY Playstation 5;https://encheres-domaine.gouv.fr/lot/console-ps5-doo-1.html;2026-09-24T08:00:00+00:00;200.0;11.0;22.0;non_mentionnee;;0.0;222.0;12;260;400;38.0;178.0;74;forte;7;30;PS5, DualSense camouflage et trois jeux de sport anciens.;"Fonctionnement inconnu; jeux annuels à faible valeur résiduelle.";[];lbc_ps5,lbc_ps5_bundles;"[""Console Sony PS5 d'occasion — leboncoin"", ""PS5 avec jeux et manettes — leboncoin""]";https://www.leboncoin.fr/c/consoles/console_brand%3Asony%2Bconsole_model%3Aps5 | https://www.leboncoin.fr/ck/consoles/ps5-jeux-manettes
322440;260720BA322440;407;2 consoles XBOX 360S;https://encheres-domaine.gouv.fr/lot/2-consoles-xbox-360s-doo-1.html;2026-09-24T08:00:00+00:00;100.0;11.0;11.0;non_mentionnee;;0.0;111.0;10;60;130;-51.0;19.0;75;faible;21;90;Deux Xbox 360 S 4 Go, deux manettes et câblage.;Faible stockage, consoles anciennes, état seulement décrit comme usage.;[];;[];
322018;260713BA322018;408;SONY Playstation 5;https://encheres-domaine.gouv.fr/lot/sony-playstation-5-doo-3.html;2026-09-24T08:00:00+00:00;150.0;11.0;16.5;non_mentionnee;;0.0;166.5;11;250;380;83.5;213.5;74;forte;7;30;PS5 avec boîte, câbles et Modern Warfare III.;"État de fonctionnement inconnu; manette non explicitement listée.";[];lbc_ps5,lbc_ps5_bundles;"[""Console Sony PS5 d'occasion — leboncoin"", ""PS5 avec jeux et manettes — leboncoin""]";https://www.leboncoin.fr/c/consoles/console_brand%3Asony%2Bconsole_model%3Aps5 | https://www.leboncoin.fr/ck/consoles/ps5-jeux-manettes
351136;260920BA351136;409;Lot d'écouteurs APPLE;https://encheres-domaine.gouv.fr/lot/lot-d-ecouteurs-apple-doo-3.html;2026-09-24T08:00:00+00:00;100.0;11.0;11.0;non_mentionnee;;0.0;111.0;3;170;260;59.0;149.0;72;forte;7;30;AirPods 3 et AirPods Pro 2 en parfait état annoncé, avec boîtes.;"Authenticité et santé des batteries à vérifier; description des AirPods 3 contient des fonctions incohérentes.";[];;[];
322431;260113BA205866;410;Drône DJI Phantom;https://encheres-domaine.gouv.fr/lot/drone-dji-phantom-5.html;2026-09-24T08:00:00+00:00;50.0;11.0;5.5;non_mentionnee;;0.0;55.5;12;80;180;24.5;124.5;48;faible;30;120;DJI Phantom ancien avec radiocommande, valorisé surtout après test.;Version/compatibilité de la radiocommande ambiguë, batterie et chargeur non listés.;[];;[];
336780;260813BA336780;411;Lot accessoires électroniques;https://encheres-domaine.gouv.fr/lot/lot-accessoires-electroniques.html;2026-09-24T08:00:00+00:00;150.0;11.0;16.5;non_mentionnee;;0.0;166.5;7;100;250;-66.5;83.5;43;faible;30;150;Trois Kindle, sept casques et quatre montres inconnues vendus après tri.;Modèles partiels, aucun chargeur et tout non testé.;[];lbc_sony_xm4;"[""Sony WH-1000XM4 d'occasion — leboncoin""]";https://www.leboncoin.fr/ck/photo_audio_video/casque-sony-wh-1000xm4
319661;260113BA194018;412;Défibrillateur de formation AED Trainer;https://encheres-domaine.gouv.fr/lot/defribillateur-de-formation-aed-trainer-xft-d0009-1.html;2026-09-24T08:00:00+00:00;25.0;11.0;2.75;non_mentionnee;;0.0;27.75;5;20;40;-7.75;12.25;80;faible;30;120;Petit AED Trainer de formation, pas un défibrillateur médical opérationnel.;"Marché de niche; faible valeur unitaire neuve.";[];;[];
336845;260813BA336845;413;Lot de 2 appareils photo et 1 camera numérique;https://encheres-domaine.gouv.fr/lot/lot-de-2-appareils-photo-et-1-camera-numerique.html;2026-09-24T08:00:00+00:00;70.0;11.0;7.7;non_mentionnee;;0.0;77.7;8;200;420;122.3;342.3;62;moyenne;21;90;Canon 450D avec deux objectifs, Sony HDR-PJ540 et Lumix TZ10.;"Tout non testé, sans chargeurs; batteries anciennes.";[];lbc_sony_a6000;"[""Sony Alpha 6000 d'occasion — leboncoin""]";https://www.leboncoin.fr/ck/photo_audio_video/sony-alpha-6000
348147;260913BA348147;414;Lot appareils photo argentiques;https://encheres-domaine.gouv.fr/lot/lot-appareil-photo-argentique.html;2026-09-24T08:00:00+00:00;90.0;11.0;9.9;non_mentionnee;;0.0;99.9;11;160;350;60.1;250.1;58;faible;30;150;Rollei 35 domine la valeur, complété par Nikon F65, Yashica et flash.;"Tout non testé; cellule, obturateur et optiques à contrôler.";[];;[];
336701;260813BA336701;415;Lot de 10 APPLE Iphone;https://encheres-domaine.gouv.fr/lot/lot-de-10-apple-iphone.html;2026-09-24T08:00:00+00:00;110.0;11.0;12.1;non_mentionnee;;0.0;122.1;3;350;750;227.9;627.9;55;moyenne;45;180;"Dix iPhone valorisés exclusivement comme donneurs de pièces sous hypothèse iCloud ON; décote supplémentaire pour vente en lot non testé.";"Aucune valeur d'usage ou de déblocage; capacités, batteries, authenticité et état des composants inconnus; mini-réplique sans valeur.";"[{""device"": ""10 iPhone du lot"", ""imei_suffix"": null, ""find_my_iphone"": ""ON"", ""verification_basis"": ""assumed"", ""checked_on"": null, ""source"": ""Règle prudente demandée — aucun contrôle IMEI revendiqué"", ""valuation_effect"": ""Valeur pièces uniquement ; aucune valeur d'usage ni déblocage futur n'est supposé.""}]";lbc_iphone16,lbc_iphone14pro,lbc_iphone13pm;"[""iPhone 16 128 Go d'occasion — leboncoin"", ""iPhone 14 Pro d'occasion — leboncoin"", ""iPhone 13 Pro Max d'occasion — leboncoin""]";https://www.leboncoin.fr/c/telephones_objets_connectes/phone_brand%3Aapple%2Bphone_memory%3A128go%2Bphone_model%3Aiphone16 | https://www.leboncoin.fr/c/telephones_objets_connectes/phone_brand%3Aapple%2Bphone_model%3Aiphone14pro | https://www.leboncoin.fr/ck/telephones_objets_connectes/iphone13-pro-max
336751;260813BA336751;416;Lot de 10 téléphones portable;https://encheres-domaine.gouv.fr/lot/lot-de-10-telephones-portable.html;2026-09-24T08:00:00+00:00;110.0;11.0;12.1;non_mentionnee;;0.0;122.1;3;350;750;227.9;627.9;48;moyenne;30;150;Dix Android de générations variées, A54/A55/Edge 30 étant les principaux contributeurs.;Tout non testé, aucune capacité, aucun chargeur, risque de comptes/verrouillages.;[];;[];
288890;260613BA288890;417;Lot tablettes APPLE SAMSUNG et LENOVO;https://encheres-domaine.gouv.fr/lot/lot-tablettes-ipad-samsung-et-lenovo.html;2026-09-24T08:00:00+00:00;170.0;11.0;18.7;non_mentionnee;;0.0;188.7;2;450;850;261.3;661.3;54;forte;21;90;Deux iPad 10, iPad 9, Tab S4, Lenovo M10 et P11 après décote non-testé.;Capacités inconnues, aucun chargeur, activation et batteries non vérifiées.;[];lbc_ipad10;"[""iPad 10e génération d'occasion — leboncoin""]";https://www.leboncoin.fr/ck/tablettes_liseuses/ipad-10eme-generation
340354;260813BA340354;418;Lot de 7 APPLE Iphone;https://encheres-domaine.gouv.fr/lot/lot-de-7-apple-iphone.html;2026-09-24T08:00:00+00:00;140.0;11.0;15.4;non_mentionnee;;0.0;155.4;7;220;480;64.6;324.6;56;moyenne;45;180;Sept iPhone valorisés exclusivement comme donneurs de pièces sous hypothèse iCloud ON, avec décote de lot non testé.;"Aucune valeur d'usage ou de déblocage; capacités, batteries et état des composants inconnus; aucun chargeur.";"[{""device"": ""7 iPhone du lot"", ""imei_suffix"": null, ""find_my_iphone"": ""ON"", ""verification_basis"": ""assumed"", ""checked_on"": null, ""source"": ""Règle prudente demandée — aucun contrôle IMEI revendiqué"", ""valuation_effect"": ""Valeur pièces uniquement ; aucune valeur d'usage ni déblocage futur n'est supposé.""}]";lbc_iphone14pro,lbc_iphone13pm;"[""iPhone 14 Pro d'occasion — leboncoin"", ""iPhone 13 Pro Max d'occasion — leboncoin""]";https://www.leboncoin.fr/c/telephones_objets_connectes/phone_brand%3Aapple%2Bphone_model%3Aiphone14pro | https://www.leboncoin.fr/ck/telephones_objets_connectes/iphone13-pro-max
340341;260813BA340341;419;Lot de 8 smartphones;https://encheres-domaine.gouv.fr/lot/lot-de-8-smartphones.html;2026-09-24T08:00:00+00:00;160.0;11.0;17.6;non_mentionnee;;0.0;177.6;2;450;900;272.4;722.4;49;forte;21;120;"S25 et S22 portent l'essentiel de la valeur; six smartphones milieu/entrée de gamme.";"Tout non testé; authenticité du S25, capacités, comptes et IMEI à contrôler.";[];;[];
336669;260813BA336669;420;Lot Tablettes;https://encheres-domaine.gouv.fr/lot/lot-tablettes.html;2026-09-24T08:00:00+00:00;250.0;11.0;27.5;non_mentionnee;;0.0;277.5;2;750;1450;472.5;1172.5;49;forte;21;120;Dix tablettes, dont iPad récents et Air 5, valorisées après test individuel.;Modèle 'iPad A16' ambigu, capacités et activation inconnues, aucun chargeur.;[];lbc_ipad10,lbc_ipadpro12;"[""iPad 10e génération d'occasion — leboncoin"", ""iPad Pro 12,9 pouces Cellular d'occasion — leboncoin""]";https://www.leboncoin.fr/ck/tablettes_liseuses/ipad-10eme-generation | https://www.leboncoin.fr/ck/ordinateurs/ipad-pro-12-9-cellular
340268;260813BA340268;421;Lot 7 tablettes APPLE;https://encheres-domaine.gouv.fr/lot/lot-7-tablettes-apple.html;2026-09-24T08:00:00+00:00;320.0;11.0;35.2;non_mentionnee;;0.0;355.2;2;650;1300;294.8;944.8;44;forte;21;120;"Sept iPad; deux Pro non identifiés représentent la plus grande incertitude.";"Générations/capacités des Pro et Air inconnues; activation, batteries et écrans non testés.";[];lbc_ipad10,lbc_ipadpro12;"[""iPad 10e génération d'occasion — leboncoin"", ""iPad Pro 12,9 pouces Cellular d'occasion — leboncoin""]";https://www.leboncoin.fr/ck/tablettes_liseuses/ipad-10eme-generation | https://www.leboncoin.fr/ck/ordinateurs/ipad-pro-12-9-cellular
328386;260713BR328386;422;Lot 5 ordinateurs portables;https://encheres-domaine.gouv.fr/lot/portable-1-doo-317.html;2026-09-24T08:00:00+00:00;500.0;11.0;55.0;non_mentionnee;;0.0;555.0;14;1000;2300;445.0;1745.0;38;forte;30;150;Cinq portables récents/premium, dont MacBook Pro A3401 et Air A3114, très décotés car non testés.;Spécifications/capacités inconnues, aucun chargeur, activation Apple et pannes possibles.;[];lbc_macbook_m1;"[""MacBook Air M1 A2337 d'occasion — leboncoin""]";https://www.leboncoin.fr/ck/ordinateurs/macbook-air-a2337
300877;260533BR282757;292;Photocopieur Multifonctions HP laser;https://encheres-domaine.gouv.fr/lot/multifonctionshplaserjetm806-2.html;2026-09-17T08:00:00+00:00;300.0;11.0;33.0;non_mentionnee;;0.0;333.0;1;350;800;17.0;467.0;58;faible;45;180;"M806 annoncé en marche; décote forte pour manutention, transport et clientèle professionnelle.";"Compteur pages, consommables et options non indiqués; machine très lourde.";[];;[];
300859;260533BR272488;293;Lot de 30 imprimantes HP;https://encheres-domaine.gouv.fr/lot/lotde30imprimanteshp-2.html;2026-09-17T08:00:00+00:00;250.0;11.0;27.5;non_mentionnee;;0.0;277.5;1;600;1200;322.5;922.5;56;faible;45;180;30 OfficeJet 8210/8100 annoncées en marche, 20-40 EUR/unité selon canal.;"Annonce les appelle LaserJet à tort; état des têtes/cartouches inconnu; trois palettes à transporter.";[];;[];
314403;260735BR314403;318;Apple iPad SILVER (7th generation);https://encheres-domaine.gouv.fr/lot/lot12-ipad-apple-ipadsilver-7thgeneration-wi-fi-cellular32gb-1.html;2026-09-15T08:00:00+00:00;100.0;11.0;11.0;non_mentionnee;;0.0;111.0;2;100;150;-11.0;39.0;78;moyenne;14;45;iPad 7 Cellular 32 Go sans chargeur ni boîte.;"État/batterie non qualifiés; activation à vérifier.";[];lbc_ipad10;"[""iPad 10e génération d'occasion — leboncoin""]";https://www.leboncoin.fr/ck/tablettes_liseuses/ipad-10eme-generation
314391;260735BR314391;319;PEN TABLET WACOM Intuos Pro médium PTH-651;https://encheres-domaine.gouv.fr/lot/lot10-pentabletteintuos-wacom-pht-651-tbon-1.html;2026-09-15T08:00:00+00:00;50.0;11.0;5.5;non_mentionnee;;0.0;55.5;2;60;100;4.5;44.5;72;faible;21;90;Ancienne Intuos Pro Medium PTH-651.;"Stylet et câbles non explicitement listés; génération ancienne.";[];;[];
314385;260735BR314385;320;Apple Magic Keyboard for iPad Pro 12.9 (2021) avec boite;https://encheres-domaine.gouv.fr/lot/lot9-magickeyboard-apple-magickeyboardforipadpro12-9-2021-av-1.html;2026-09-15T08:00:00+00:00;130.0;11.0;14.3;non_mentionnee;;0.0;144.3;1;90;140;-54.3;-4.3;80;moyenne;14;60;Magic Keyboard 12,9 pouces 2021 avec boîte.;État cosmétique et disposition clavier à confirmer.;[];lbc_ipadpro12;"[""iPad Pro 12,9 pouces Cellular d'occasion — leboncoin""]";https://www.leboncoin.fr/ck/ordinateurs/ipad-pro-12-9-cellular
314379;260735BR314379;321;APPLE iPad Pro 12.9-inch (6th Gen) Wifi + Cell avec boite;https://encheres-domaine.gouv.fr/lot/ipadpro12-9-inch-6thgen-wifi-cellavecboite-bon-16-janv-24-j-1.html;2026-09-15T08:00:00+00:00;500.0;11.0;55.0;non_mentionnee;;0.0;555.0;1;600;800;45.0;245.0;72;forte;14;45;"iPad Pro 12,9 M2 Cellular avec boîte; valeur médiane faute de capacité indiquée.";Capacité de stockage, batterie et présence du chargeur non indiquées.;[];lbc_ipadpro12;"[""iPad Pro 12,9 pouces Cellular d'occasion — leboncoin""]";https://www.leboncoin.fr/ck/ordinateurs/ipad-pro-12-9-cellular
314372;260735BR314372;322;APPLE iPad SILVER (7th generation) Wi-Fi + Cellular 32 GB avec boite;https://encheres-domaine.gouv.fr/lot/ipadsilver-7thgeneration-wi-fi-cellular32gbavecboite-bon-cla-1.html;2026-09-15T08:00:00+00:00;100.0;11.0;11.0;non_mentionnee;;0.0;111.0;1;110;170;-1.0;59.0;79;moyenne;14;45;iPad 7 Cellular 32 Go en bon état, boîte/clavier/chargeur inclus.;"Batterie et activation à vérifier; clavier probablement tiers.";[];lbc_ipad10;"[""iPad 10e génération d'occasion — leboncoin""]";https://www.leboncoin.fr/ck/tablettes_liseuses/ipad-10eme-generation
314336;260735BR314336;323;"iPad SILVER 10""2(7th generation) Wi-Fi + Cellular 32 GB avec boite";https://encheres-domaine.gouv.fr/lot/ipadsilver10-2-7thgeneration-wi-fi-cellular32gbavecboite-bon-1.html;2026-09-15T08:00:00+00:00;100.0;11.0;11.0;non_mentionnee;;0.0;111.0;1;110;170;-1.0;59.0;79;moyenne;14;45;iPad 7 Cellular 32 Go en bon état, boîte/clavier/chargeur inclus.;"Batterie et activation à vérifier; clavier probablement tiers.";[];lbc_ipad10;"[""iPad 10e génération d'occasion — leboncoin""]";https://www.leboncoin.fr/ck/tablettes_liseuses/ipad-10eme-generation
314296;260735BR314296;324;"iPad Rose 10""2 (7th generation) Wi-Fi + Cellular 32 GB avec boite et clavier";https://encheres-domaine.gouv.fr/lot/ipadrose10-2-7thgeneration-wi-fi-cellular32gbavecboiteetclav-1.html;2026-09-15T08:00:00+00:00;100.0;11.0;11.0;non_mentionnee;;0.0;111.0;1;110;170;-1.0;59.0;79;moyenne;14;45;iPad 7 Cellular 32 Go en bon état, boîte/clavier/chargeur inclus.;"Batterie et activation à vérifier; clavier probablement tiers.";[];lbc_ipad10;"[""iPad 10e génération d'occasion — leboncoin""]";https://www.leboncoin.fr/ck/tablettes_liseuses/ipad-10eme-generation
314295;260735BR314295;325;NAS Apple OBS,Time Capsule 802.11n A1409 (4th Gen) 2TB sans boite;https://encheres-domaine.gouv.fr/lot/nasappleobs-timecapsule802-11na1409-4thgen-2tbsansboite-cord-1.html;2026-09-15T08:00:00+00:00;80.0;11.0;8.8;non_mentionnee;;0.0;88.8;2;30;60;-58.8;-28.8;82;faible;30;120;Time Capsule A1409 2 To fonctionnelle supposée, avec cordon.;"Produit réseau 2012 obsolète; disque dur ancien.";[];;[];
314274;260735BR314274;326;APPLE iPhone 13 pro max;https://encheres-domaine.gouv.fr/lot/iphone-apple-13promax-1.html;2026-09-15T08:00:00+00:00;50.0;11.0;5.5;non_mentionnee;;0.0;55.5;2;55;110;-0.5;54.5;62;moyenne;21;90;iPhone 13 Pro Max valorisé uniquement pour pièces sous hypothèse iCloud ON, avec décote pour vitre arrière cassée et écran rayé.;"Aucune valeur d'usage; capacité, batterie, Face ID et état des composants récupérables inconnus.";"[{""device"": ""iPhone 13 Pro Max, vitre arrière cassée"", ""imei_suffix"": null, ""find_my_iphone"": ""ON"", ""verification_basis"": ""assumed"", ""checked_on"": null, ""source"": ""Règle prudente demandée — aucun contrôle IMEI revendiqué"", ""valuation_effect"": ""Valeur pièces uniquement ; aucune valeur d'usage ni déblocage futur n'est supposé.""}]";lbc_iphone13pm;"[""iPhone 13 Pro Max d'occasion — leboncoin""]";https://www.leboncoin.fr/ck/telephones_objets_connectes/iphone13-pro-max
314267;260735BR314267;327;APPLE iPhone 13 pro max graphite sans boite;https://encheres-domaine.gouv.fr/lot/iphone-apple-13promaxgraphitesansboite-1.html;2026-09-15T08:00:00+00:00;200.0;11.0;22.0;non_mentionnee;;0.0;222.0;2;95;180;-127.0;-42.0;64;moyenne;21;90;Malgré le bon état annoncé, l'iPhone 13 Pro Max reste valorisé uniquement pour pièces: l'annonce ne confirme ni fonctionnement ni absence de blocage.;"Aucune valeur d'usage ou de déblocage; capacité, santé batterie et authenticité des composants inconnues.";"[{""device"": ""iPhone 13 Pro Max"", ""imei_suffix"": null, ""find_my_iphone"": ""ON"", ""verification_basis"": ""assumed"", ""checked_on"": null, ""source"": ""Règle prudente demandée — aucun contrôle IMEI revendiqué"", ""valuation_effect"": ""Valeur pièces uniquement ; aucune valeur d'usage ni déblocage futur n'est supposé.""}]";lbc_iphone13pm;"[""iPhone 13 Pro Max d'occasion — leboncoin""]";https://www.leboncoin.fr/ck/telephones_objets_connectes/iphone13-pro-max
314363;260735BR314363;328;APPLE iPad Space Gris (7th generation) Wi-Fi + Cellular 32 GB SANS boite;https://encheres-domaine.gouv.fr/lot/lot11-ipad-apple-ipadspacegris-7thgeneration-wi-fi-cellular3-1.html;2026-09-15T08:00:00+00:00;100.0;11.0;11.0;non_mentionnee;;0.0;111.0;2;100;150;-11.0;39.0;78;moyenne;14;45;iPad 7 Cellular 32 Go avec clavier, sans chargeur ni boîte.;Batterie et activation à vérifier.;[];lbc_ipad10;"[""iPad 10e génération d'occasion — leboncoin""]";https://www.leboncoin.fr/ck/tablettes_liseuses/ipad-10eme-generation
304783;260635BA304783;5;24 téléphones;https://encheres-domaine.gouv.fr/lot/24-telephones.html;2026-09-15T08:00:00+00:00;125.0;11.0;13.75;non_mentionnee;;0.0;138.75;4;200;450;61.25;311.25;48;moyenne;60;240;"Les six iPhone sont limités aux pièces sous hypothèse iCloud ON; les 18 autres téléphones non testés sont valorisés après tri avec forte décote.";"Nombreux écrans/coques cassés, certains appareils annoncés bloqués, pannes et comptes Android possibles; travail de tri important.";"[{""device"": ""6 iPhone du lot"", ""imei_suffix"": null, ""find_my_iphone"": ""ON"", ""verification_basis"": ""assumed"", ""checked_on"": null, ""source"": ""Règle prudente demandée — aucun contrôle IMEI revendiqué"", ""valuation_effect"": ""Valeur pièces uniquement ; aucune valeur d'usage ni déblocage futur n'est supposé.""}]";lbc_iphone13pm,lbc_iphone14pro;"[""iPhone 13 Pro Max d'occasion — leboncoin"", ""iPhone 14 Pro d'occasion — leboncoin""]";https://www.leboncoin.fr/ck/telephones_objets_connectes/iphone13-pro-max | https://www.leboncoin.fr/c/telephones_objets_connectes/phone_brand%3Aapple%2Bphone_model%3Aiphone14pro
306168;260635BA306168;6;6 téléphones;https://encheres-domaine.gouv.fr/lot/6-telephones-doo-2.html;2026-09-15T08:00:00+00:00;200.0;11.0;22.0;non_mentionnee;;0.0;222.0;2;260;560;38.0;338.0;50;moyenne;45;180;"Les cinq iPhone, y compris 16 Pro Max/16/14, sont valorisés uniquement pour pièces sous hypothèse iCloud ON; le Galaxy A15 reste non testé.";"Aucune valeur d'usage pour les iPhone; écrans à revoir, capacités, batteries, authenticité et état interne inconnus.";"[{""device"": ""5 iPhone du lot"", ""imei_suffix"": null, ""find_my_iphone"": ""ON"", ""verification_basis"": ""assumed"", ""checked_on"": null, ""source"": ""Règle prudente demandée — aucun contrôle IMEI revendiqué"", ""valuation_effect"": ""Valeur pièces uniquement ; aucune valeur d'usage ni déblocage futur n'est supposé.""}]";lbc_iphone16,lbc_iphone14pro;"[""iPhone 16 128 Go d'occasion — leboncoin"", ""iPhone 14 Pro d'occasion — leboncoin""]";https://www.leboncoin.fr/c/telephones_objets_connectes/phone_brand%3Aapple%2Bphone_memory%3A128go%2Bphone_model%3Aiphone16 | https://www.leboncoin.fr/c/telephones_objets_connectes/phone_brand%3Aapple%2Bphone_model%3Aiphone14pro
308035;260635BA308035;7;17 téléphones;https://encheres-domaine.gouv.fr/lot/17-telephones.html;2026-09-15T08:00:00+00:00;500.0;11.0;55.0;non_mentionnee;;0.0;555.0;4;550;1250;-5.0;695.0;45;moyenne;60;300;"Les quinze iPhone sont valorisés exclusivement comme donneurs de pièces sous hypothèse iCloud ON; S23 et Redmi restent fortement décotés non testés.";Plusieurs écrans/coques endommagés, modèles iPhone 17/A3293 à authentifier, pièces potentiellement non récupérables et démontage très chronophage.;"[{""device"": ""15 iPhone du lot"", ""imei_suffix"": null, ""find_my_iphone"": ""ON"", ""verification_basis"": ""assumed"", ""checked_on"": null, ""source"": ""Règle prudente demandée — aucun contrôle IMEI revendiqué"", ""valuation_effect"": ""Valeur pièces uniquement ; aucune valeur d'usage ni déblocage futur n'est supposé.""}]";lbc_iphone16,lbc_iphone14pro,lbc_iphone13pm;"[""iPhone 16 128 Go d'occasion — leboncoin"", ""iPhone 14 Pro d'occasion — leboncoin"", ""iPhone 13 Pro Max d'occasion — leboncoin""]";https://www.leboncoin.fr/c/telephones_objets_connectes/phone_brand%3Aapple%2Bphone_memory%3A128go%2Bphone_model%3Aiphone16 | https://www.leboncoin.fr/c/telephones_objets_connectes/phone_brand%3Aapple%2Bphone_model%3Aiphone14pro | https://www.leboncoin.fr/ck/telephones_objets_connectes/iphone13-pro-max
176842;251235BA176842;9;NINTENDO Switch Oled;https://encheres-domaine.gouv.fr/lot/nintendo-switch-oled.html;2026-09-15T08:00:00+00:00;90.0;11.0;9.9;non_mentionnee;;0.0;99.9;3;110;170;10.1;70.1;72;forte;7;30;"Switch OLED non testée; valeur basse faute d'accessoires explicitement confirmés.";Fonctionnement, dock, chargeur et Joy-Con à confirmer.;[];lbc_switch_oled;"[""Nintendo Switch OLED d'occasion — leboncoin""]";https://www.leboncoin.fr/ck/consoles/nintendo-switch-oled
308277;260635BA308277;10;NINTENDO Switch et manette;https://encheres-domaine.gouv.fr/lot/nitendo-swith-et-manette.html;2026-09-15T08:00:00+00:00;110.0;11.0;12.1;non_mentionnee;;0.0;122.1;5;170;260;47.9;137.9;76;forte;7;30;Switch OLED avec manette Pro, ensemble non testé.;État écran, Joy-Con, dock et batterie à contrôler.;[];lbc_switch_oled;"[""Nintendo Switch OLED d'occasion — leboncoin""]";https://www.leboncoin.fr/ck/consoles/nintendo-switch-oled
308310;260635BA308310;11;NINTENDO Switch et 8 jeux;https://encheres-domaine.gouv.fr/lot/nitendo-switch-et-8-jeux.html;2026-09-15T08:00:00+00:00;125.0;11.0;13.75;non_mentionnee;;0.0;138.75;4;180;320;41.25;181.25;70;forte;7;45;Switch standard et huit jeux, sans accessoires clairement listés.;"Ensemble non testé; titres/boîtes/accessoires à confirmer.";[];lbc_switch_oled;"[""Nintendo Switch OLED d'occasion — leboncoin""]";https://www.leboncoin.fr/ck/consoles/nintendo-switch-oled
308750;260635BA308750;12;SONY Playstation 5 et divers;https://encheres-domaine.gouv.fr/lot/playstation-5-et-divers.html;2026-09-15T08:00:00+00:00;250.0;11.0;27.5;non_mentionnee;;0.0;277.5;13;600;950;322.5;672.5;71;forte;14;75;PS5, trois manettes, quinze jeux PS5, PS TV et casque, après décote non-testé.;"Tout non testé; titres des jeux non détaillés; vente séparée nécessaire pour atteindre la cote normale.";[];lbc_ps5_bundles;"[""PS5 avec jeux et manettes — leboncoin""]";https://www.leboncoin.fr/ck/consoles/ps5-jeux-manettes
309602;260635BA309602;13;XBOX Series X 1882 et accessoires;https://encheres-domaine.gouv.fr/lot/xbox-series-x.html;2026-09-15T08:00:00+00:00;220.0;11.0;24.2;non_mentionnee;;0.0;244.2;4;270;400;25.8;155.8;78;forte;7;30;Xbox Series X récente avec deux manettes et chargeur, non testée.;Fonctionnement et état des manettes non vérifiés.;[];lbc_xbox_x;"[""Xbox Series X avec deux manettes — leboncoin""]";https://www.leboncoin.fr/ck/consoles/xbox-serie-x-avec-2-manette
309616;260635BA309616;14;XBOX Series S 1883 et accessoires;https://encheres-domaine.gouv.fr/lot/xbox-series-s-et-accessoires.html;2026-09-15T08:00:00+00:00;50.0;11.0;5.5;non_mentionnee;;0.0;55.5;7;120;200;64.5;144.5;76;forte;7;30;Xbox Series S avec manette et casque, non testée.;"Capacité 512 Go/1 To non indiquée; fonctionnement inconnu.";[];lbc_xbox_s;"[""Xbox Series S d'occasion — leboncoin""]";https://www.leboncoin.fr/c/consoles/console_brand%3Amicrosoft%2Bconsole_model%3Axboxseriess%2Bvideo_game_type%3Aconsole
309654;260635BA309654;15;XBOX Series X 1882 et accessoires;https://encheres-domaine.gouv.fr/lot/xbox-series-x-et-accessoires.html;2026-09-15T08:00:00+00:00;120.0;11.0;13.2;non_mentionnee;;0.0;133.2;5;250;360;116.8;226.8;78;forte;7;30;Xbox Series X avec manette, casque Sony et câbles.;"Fonctionnement non testé; une seule manette.";[];lbc_xbox_x;"[""Xbox Series X avec deux manettes — leboncoin""]";https://www.leboncoin.fr/ck/consoles/xbox-serie-x-avec-2-manette
309881;260735BA309881;16;2 APPLE Watch et divers;https://encheres-domaine.gouv.fr/lot/2-apple-watch-et-divers.html;2026-09-15T08:00:00+00:00;30.0;11.0;3.3;non_mentionnee;;0.0;33.3;11;150;300;116.7;266.7;39;moyenne;30;120;Deux Apple Watch inconnues, JBL Flip 6 et mini-imprimante LG.;Modèles/tailles des montres inconnus, boîtes parfois vides, tout non testé.;[];lbc_jbl;"[""JBL Charge 5 d'occasion — leboncoin""]";https://www.leboncoin.fr/ck/photo_audio_video/jbl-charge-5
304101;260635BA304101;20;SONY Playstation 5;https://encheres-domaine.gouv.fr/lot/playstation-4-sony.html;2026-09-15T08:00:00+00:00;150.0;11.0;16.5;non_mentionnee;;0.0;166.5;2;300;420;133.5;253.5;79;forte;7;30;PS5 Slim CFI-2016 et deux manettes, non testées.;Fonctionnement et dérive des sticks non vérifiés.;[];lbc_ps5,lbc_ps5_bundles;"[""Console Sony PS5 d'occasion — leboncoin"", ""PS5 avec jeux et manettes — leboncoin""]";https://www.leboncoin.fr/c/consoles/console_brand%3Asony%2Bconsole_model%3Aps5 | https://www.leboncoin.fr/ck/consoles/ps5-jeux-manettes
310961;260735BA310961;21;Divers informatique;https://encheres-domaine.gouv.fr/lot/divers-informatique-doo-1.html;2026-09-15T08:00:00+00:00;30.0;11.0;3.3;non_mentionnee;;0.0;33.3;9;220;420;186.7;386.7;62;moyenne;21;90;Écrans BenQ XL2540K/AOC 24G1, portable Asus ancien et disque 1 To.;"Tout non testé; configuration du portable inconnue.";[];;[];
311309;260735BA311309;23;2 tablettes et 2 caméras;https://encheres-domaine.gouv.fr/lot/2-tablettes-et-2-cameras.html;2026-09-15T08:00:00+00:00;50.0;11.0;5.5;non_mentionnee;;0.0;55.5;13;180;350;124.5;294.5;60;forte;21;90;Galaxy Tab A9+ SM-X210, iPad 10 A2696 et deux caméras génériques.;"Capacités, activation et fonctionnement non testés; caméras mal identifiées.";[];lbc_ipad10;"[""iPad 10e génération d'occasion — leboncoin""]";https://www.leboncoin.fr/ck/tablettes_liseuses/ipad-10eme-generation
309023;250835BA95836;29;APPLE Iphone 15;https://encheres-domaine.gouv.fr/lot/iphone-15-blanc-5.html;2026-09-15T08:00:00+00:00;50.0;11.0;5.5;non_mentionnee;;0.0;55.5;2;45;90;-10.5;34.5;58;moyenne;21;90;"iPhone 15 valorisé uniquement comme donneur de pièces sous hypothèse iCloud ON; aucun déblocage futur supposé.";"Non testé et potentiellement bloqué selon l'annonce; capacité, batterie, authenticité et état interne inconnus.";"[{""device"": ""iPhone 15 A3090"", ""imei_suffix"": null, ""find_my_iphone"": ""ON"", ""verification_basis"": ""assumed"", ""checked_on"": null, ""source"": ""Règle prudente demandée — aucun contrôle IMEI revendiqué"", ""valuation_effect"": ""Valeur pièces uniquement ; aucune valeur d'usage ni déblocage futur n'est supposé.""}]";lbc_iphone16;"[""iPhone 16 128 Go d'occasion — leboncoin""]";https://www.leboncoin.fr/c/telephones_objets_connectes/phone_brand%3Aapple%2Bphone_memory%3A128go%2Bphone_model%3Aiphone16
317922;260735BA317922;31;60 casques et divers;https://encheres-domaine.gouv.fr/lot/60-casques-et-divers.html;2026-09-15T08:00:00+00:00;200.0;11.0;22.0;non_mentionnee;;0.0;222.0;15;700;1800;478.0;1578.0;46;moyenne;60;240;58 casques dont plusieurs Bose/Sony haut de gamme, deux écouteurs, baladeurs et 30 vinyles.;"Tout non testé; batteries/coussinets; inventaire textuel possiblement imprécis; très nombreuses ventes.";[];lbc_sony_xm4;"[""Sony WH-1000XM4 d'occasion — leboncoin""]";https://www.leboncoin.fr/ck/photo_audio_video/casque-sony-wh-1000xm4
318200;260735BA318200;32;22 enceintes et divers;https://encheres-domaine.gouv.fr/lot/22-enceintes-et-divers.html;2026-09-15T08:00:00+00:00;100.0;11.0;11.0;non_mentionnee;;0.0;111.0;3;350;750;239.0;639.0;52;moyenne;45;180;Neuf JBL dont Charge 4/5, treize enceintes entrée de gamme et trois baladeurs.;Modèles JBL incomplets, batteries et fonctionnement non testés.;[];lbc_jbl;"[""JBL Charge 5 d'occasion — leboncoin""]";https://www.leboncoin.fr/ck/photo_audio_video/jbl-charge-5
318313;260735BA318313;33;32 tablettes et 23 liseuses;https://encheres-domaine.gouv.fr/lot/32-tablettes-et-23-liseuses.html;2026-09-15T08:00:00+00:00;400.0;11.0;44.0;non_mentionnee;;0.0;444.0;7;1500;3500;1056.0;3056.0;42;moyenne;90;300;22 iPad, 10 autres tablettes, 14 Kindle et 8 Kobo, selon valeurs par numéro de modèle.;"55 appareils non testés, activation/batteries/écrans inconnus; vente et effacement très chronophages.";[];lbc_ipad10,lbc_ipadpro12;"[""iPad 10e génération d'occasion — leboncoin"", ""iPad Pro 12,9 pouces Cellular d'occasion — leboncoin""]";https://www.leboncoin.fr/ck/tablettes_liseuses/ipad-10eme-generation | https://www.leboncoin.fr/ck/ordinateurs/ipad-pro-12-9-cellular
318327;260735BA318327;34;5 consoles et 2 jeux;https://encheres-domaine.gouv.fr/lot/5-consoles-et-2-jeux.html;2026-09-15T08:00:00+00:00;230.0;11.0;25.3;non_mentionnee;;0.0;255.3;4;300;600;44.7;344.7;61;forte;21;90;PS5, Switch, 3DS XL, 3DS, Wii et deux jeux.;"Tout non testé; accessoires et chargeurs non détaillés.";[];lbc_ps5,lbc_switch_oled;"[""Console Sony PS5 d'occasion — leboncoin"", ""Nintendo Switch OLED d'occasion — leboncoin""]";https://www.leboncoin.fr/c/consoles/console_brand%3Asony%2Bconsole_model%3Aps5 | https://www.leboncoin.fr/ck/consoles/nintendo-switch-oled
318370;260735BA318370;35;Divers appareils et ustensiles;https://encheres-domaine.gouv.fr/lot/divers-doo-2.html;2026-09-15T08:00:00+00:00;60.0;11.0;6.6;non_mentionnee;;0.0;66.6;11;250;550;183.4;483.4;49;moyenne;45;180;Projecteur Epson, micro AT2035, cinq appareils photo, caméscope et divers.;"Tout non testé; objets hétérogènes; nombreuses ventes de faible montant.";[];lbc_sony_a6000;"[""Sony Alpha 6000 d'occasion — leboncoin""]";https://www.leboncoin.fr/ck/photo_audio_video/sony-alpha-6000
318430;260735BA318430;36;6 PC portables et divers;https://encheres-domaine.gouv.fr/lot/6-portables-et-divers.html;2026-09-15T08:00:00+00:00;200.0;11.0;22.0;non_mentionnee;;0.0;222.0;4;500;1050;278.0;828.0;41;forte;45;180;Six portables dont deux MacBook Air 2020/M1 et un Pro, plus accessoires.;"Tout non testé; spécifications et activation inconnues; seul une partie a des chargeurs.";[];lbc_macbook_m1;"[""MacBook Air M1 A2337 d'occasion — leboncoin""]";https://www.leboncoin.fr/ck/ordinateurs/macbook-air-a2337
318523;260735BA318523;37;5 PC portables et divers;https://encheres-domaine.gouv.fr/lot/5-portables-et-divers.html;2026-09-15T08:00:00+00:00;50.0;11.0;5.5;non_mentionnee;;0.0;55.5;5;450;950;394.5;894.5;39;forte;45;180;Cinq portables dont MacBook Air M1 et Asus récent, plus petite tour/écran/tablette.;"Tout non testé; modèle du second MacBook Air et configurations inconnus.";[];lbc_macbook_m1;"[""MacBook Air M1 A2337 d'occasion — leboncoin""]";https://www.leboncoin.fr/ck/ordinateurs/macbook-air-a2337
318544;260735BA318544;38;13 PC portables;https://encheres-domaine.gouv.fr/lot/13-portables.html;2026-09-15T08:00:00+00:00;200.0;11.0;22.0;non_mentionnee;;0.0;222.0;6;850;1900;628.0;1678.0;44;forte;60;240;Treize portables hétérogènes, dont T14, T480s, HP 855 G7, Surface 1960 et MacBook.;"Tout non testé; configurations/activation inconnues; travail de tri important.";[];lbc_dell_7490,lbc_macbook_m1;"[""Dell Latitude 7490 i5 d'occasion — leboncoin"", ""MacBook Air M1 A2337 d'occasion — leboncoin""]";https://www.leboncoin.fr/ck/ordinateurs/pc-portable-dell-latitude-7490-i5 | https://www.leboncoin.fr/ck/ordinateurs/macbook-air-a2337
336599;260835BA336599;40;3 tablettes et divers;https://encheres-domaine.gouv.fr/lot/3-tablettes-et-divers-doo-1.html;2026-09-15T08:00:00+00:00;30.0;11.0;3.3;non_mentionnee;;0.0;33.3;9;120;280;86.7;246.7;48;moyenne;30;120;iPad 9 A2602, ancienne Samsung/Logicom, Olympus E-P2 et petite enceinte.;"Tout non testé; référence Samsung probablement mal saisie.";[];lbc_ipad10;"[""iPad 10e génération d'occasion — leboncoin""]";https://www.leboncoin.fr/ck/tablettes_liseuses/ipad-10eme-generation
282679;2605JUSTBA282679;16;Console Nintendo Switch OLED;https://encheres-domaine.gouv.fr/lot/v456-007.html;2026-09-22T12:00:00+00:00;180.0;11.0;19.8;non_mentionnee;;0.0;199.8;9;320;500;120.2;300.2;84;forte;7;30;Switch OLED Splatoon complète, sept jeux et deux sacoches.;"Fonctionnement non explicitement garanti; titres des jeux à pondérer selon demande.";[];lbc_switch_oled;"[""Nintendo Switch OLED d'occasion — leboncoin""]";https://www.leboncoin.fr/ck/consoles/nintendo-switch-oled
309638;2601JUSTBA199748;17;Console SONY PlayStation 5;https://encheres-domaine.gouv.fr/lot/v461-57.html;2026-09-22T12:00:00+00:00;250.0;11.0;27.5;non_mentionnee;;0.0;277.5;6;300;380;22.5;102.5;84;forte;7;30;PS5 complète en boîte avec manette et câbles.;Modèle disque/digital et fonctionnement à vérifier.;[];lbc_ps5;"[""Console Sony PS5 d'occasion — leboncoin""]";https://www.leboncoin.fr/c/consoles/console_brand%3Asony%2Bconsole_model%3Aps5
84173;2507JUSTBA84173;18;Console NINTENDO Switch;https://encheres-domaine.gouv.fr/lot/v447-002-console-de-jeux.html;2026-09-22T12:00:00+00:00;150.0;11.0;16.5;non_mentionnee;;0.0;166.5;7;250;380;83.5;213.5;82;forte;7;30;Switch complète, quatre Joy-Con et six jeux.;Version de la Switch, dérive des Joy-Con et titres à vérifier.;[];lbc_switch_oled;"[""Nintendo Switch OLED d'occasion — leboncoin""]";https://www.leboncoin.fr/ck/consoles/nintendo-switch-oled
309642;2511JUSTBA166921;19;Console SONY PlayStation 5;https://encheres-domaine.gouv.fr/lot/v443-7.html;2026-09-22T12:00:00+00:00;300.0;11.0;33.0;non_mentionnee;;0.0;333.0;8;300;380;-33.0;47.0;84;forte;7;30;PS5 complète en boîte avec manette et câbles.;Modèle disque/digital et fonctionnement à vérifier.;[];lbc_ps5;"[""Console Sony PS5 d'occasion — leboncoin""]";https://www.leboncoin.fr/c/consoles/console_brand%3Asony%2Bconsole_model%3Aps5
347811;2609JUSTBA347811;48;Caméra GoPro Hero 10 Black;https://encheres-domaine.gouv.fr/lot/v480-001-camera-gopro-hero-10-black-et-ses-accessoires.html;2026-09-22T12:00:00+00:00;100.0;11.0;11.0;non_mentionnee;;0.0;111.0;7;180;250;69.0;139.0;86;forte;7;30;GoPro Hero 10 et accessoires visibles.;Batterie, étanchéité et liste exacte des accessoires à tester.;[];lbc_gopro10;"[""GoPro Hero 10 Black d'occasion — leboncoin""]";https://www.leboncoin.fr/ck/photo_audio_video/gopro-10-black
347828;2609JUSTBA347828;49;Appareil photo hybride Fujifilm X-T20;https://encheres-domaine.gouv.fr/lot/v480-002-apn-fujifilm-x-t20-et-son-objectif-18-55mm-1-2-8-4.html;2026-09-22T12:00:00+00:00;200.0;11.0;22.0;non_mentionnee;;0.0;222.0;6;500;700;278.0;478.0;83;forte;14;45;Fujifilm X-T20 avec objectif XF 18-55 f/2.8-4.;Déclenchements, capteur, autofocus et état optique à vérifier.;[];lbc_fuji_xt20;"[""Fujifilm X-T20 d'occasion — leboncoin""]";https://www.leboncoin.fr/ck/photo_audio_video/fujifilm-x-t20
347842;2609JUSTBA347842;50;Appareil photo hybride SONY Alpha 6000;https://encheres-domaine.gouv.fr/lot/v480-003-apn-sony-alpha-6000-et-son-objectif-e-3-5-5-6-pz-16-50mm-oss.html;2026-09-22T12:00:00+00:00;250.0;11.0;27.5;non_mentionnee;;0.0;277.5;5;300;400;22.5;122.5;86;forte;7;30;Sony A6000 et objectif kit 16-50 OSS.;Déclenchements, capteur, autofocus et batterie à vérifier.;[];lbc_sony_a6000;"[""Sony Alpha 6000 d'occasion — leboncoin""]";https://www.leboncoin.fr/ck/photo_audio_video/sony-alpha-6000
303291;2606JUSTBA303291;51;Ordinateur portable HP;https://encheres-domaine.gouv.fr/lot/v482-004.html;2026-09-22T12:00:00+00:00;150.0;11.0;16.5;non_mentionnee;;0.0;166.5;7;350;500;183.5;333.5;64;forte;14;45;ProBook 450 G9 professionnel récent avec chargeur, valeur médiane faute de spécifications.;"CPU, RAM et SSD non indiqués; compte BIOS/entreprise et batterie à vérifier.";[];lbc_dell_7490;"[""Dell Latitude 7490 i5 d'occasion — leboncoin""]";https://www.leboncoin.fr/ck/ordinateurs/pc-portable-dell-latitude-7490-i5
41076;2506JUSTBA41076;52;Ordinateur portable LENOVO;https://encheres-domaine.gouv.fr/lot/2409justba01003-doo-1.html;2026-09-22T12:00:00+00:00;100.0;11.0;11.0;non_mentionnee;;0.0;111.0;7;150;220;39.0;109.0;78;moyenne;14;45;IdeaPad Slim 3 Chromebook 14IAN8, 8/128 Go avec chargeur.;État batterie et éventuelle gestion scolaire/entreprise à vérifier.;[];;[];
126221;2509JUSTBA126221;53;Ordinateur portable ASUS;https://encheres-domaine.gouv.fr/lot/v448-010.html;2026-09-22T12:00:00+00:00;150.0;11.0;16.5;non_mentionnee;;0.0;166.5;8;140;220;-26.5;53.5;65;moyenne;14;60;Asus M509D 8/512 Go avec chargeur, estimation médiane faute de CPU.;Processeur exact, batterie et état écran non indiqués.;[];;[];
338443;260854BA338443;9;Lot de deux téléphones APPLE;https://encheres-domaine.gouv.fr/lot/lot-de-deux-telephones-apple.html;2026-09-14T08:00:00+00:00;50.0;11.0;5.5;non_mentionnee;;0.0;55.5;7;35;70;-20.5;14.5;68;moyenne;21;90;iPhone 12 contrôlé FMI ON et iPhone 11 Pro supposé iCloud ON: les deux sont valorisés uniquement comme donneurs de pièces.;"Aucune valeur d'usage ou de déblocage; capacité, batterie, écrans, cartes mères et autres composants récupérables restent inconnus.";"[{""device"": ""iPhone 11 Pro"", ""imei_suffix"": null, ""find_my_iphone"": ""ON"", ""verification_basis"": ""assumed"", ""checked_on"": null, ""source"": ""Règle prudente demandée — aucun contrôle IMEI revendiqué"", ""valuation_effect"": ""Valeur pièces uniquement ; aucune valeur d'usage ni déblocage futur n'est supposé.""}, {""device"": ""iPhone 12 A2403"", ""imei_suffix"": ""4229"", ""find_my_iphone"": ""ON"", ""verification_basis"": ""verified"", ""checked_on"": ""2026-09-11"", ""source"": ""IMEICheck.com — résultat communiqué par l'utilisateur"", ""valuation_effect"": ""Valeur pièces uniquement tant que le propriétaire d'origine ne retire pas le verrouillage d'activation.""}]";lbc_iphone13pm;"[""iPhone 13 Pro Max d'occasion — leboncoin""]";https://www.leboncoin.fr/ck/telephones_objets_connectes/iphone13-pro-max
343959;260854BA343959;10;Lot de téléphones;https://encheres-domaine.gouv.fr/lot/lot-de-telephone.html;2026-09-14T08:00:00+00:00;30.0;11.0;3.3;non_mentionnee;;0.0;33.3;2;70;160;36.7;126.7;48;moyenne;30;120;"iPhone 14 Pro valorisé uniquement pour pièces sous hypothèse iCloud ON; faible valeur prudente ajoutée pour le second téléphone non identifié.";"Modèle 'SAMSUNG ONE' incohérent; aucune valeur d'usage pour l'iPhone; capacités, batteries et fonctionnement inconnus.";"[{""device"": ""iPhone 14 Pro"", ""imei_suffix"": null, ""find_my_iphone"": ""ON"", ""verification_basis"": ""assumed"", ""checked_on"": null, ""source"": ""Règle prudente demandée — aucun contrôle IMEI revendiqué"", ""valuation_effect"": ""Valeur pièces uniquement ; aucune valeur d'usage ni déblocage futur n'est supposé.""}]";lbc_iphone14pro;"[""iPhone 14 Pro d'occasion — leboncoin""]";https://www.leboncoin.fr/c/telephones_objets_connectes/phone_brand%3Aapple%2Bphone_model%3Aiphone14pro
321714;260754BA321714;15;Lot de 3 consoles de jeux;https://encheres-domaine.gouv.fr/lot/lot-de-3-consoles-de-jeux-doo-1.html;2026-09-14T08:00:00+00:00;20.0;11.0;2.2;non_mentionnee;;0.0;22.2;19;80;170;57.8;147.8;68;faible;30;120;Wii, PS3 Slim, DS Lite et casque filaire.;"Tout non testé; câbles PS3 absents; faible valeur unitaire.";[];;[];
329193;260454BR253611;16;Rétro-projecteur XIAOMI Mi 4K Laser Projector 150;https://encheres-domaine.gouv.fr/lot/retro-projecteur-2.html;2026-09-14T08:00:00+00:00;390.0;11.0;42.9;non_mentionnee;;0.0;432.9;2;350;750;-82.9;317.1;62;moyenne;21;90;Xiaomi Mi 4K Laser Projector 150, décoté comme non testé sans cordon.;"Panne laser/DMD coûteuse possible; télécommande et cordon absents/non listés.";[];lbc_xiaomi_4k;"[""Xiaomi Mi Laser Projector 150 d'occasion — leboncoin""]";https://www.leboncoin.fr/ck/photo_audio_video/xiaomi-mi-laser
304620;260635BA304620;301;Informatique divers;https://encheres-domaine.gouv.fr/lot/informatique-divers.html;2026-09-15T08:00:00+00:00;50.0;11.0;5.5;non_mentionnee;;0.0;55.5;5;200;500;144.5;444.5;43;faible;60;240;Douze anciennes tours Acer, vingt alimentations et sept cartes graphiques anciennes.;"Configurations et fonctionnement inconnus; GPU 512 Mo obsolètes; logistique lourde.";[];;[];
294796;260635BR294796;408;100 PC portables LENOVO E595;https://encheres-domaine.gouv.fr/lot/ordinateursportableslenovo-1.html;2026-09-15T08:00:00+00:00;3100.0;11.0;341.0;non_mentionnee;;0.0;3441.0;1;10000;18000;6559.0;14559.0;72;moyenne;45;240;100 E595 complets: 100 EUR/unité en sortie professionnelle, 180 EUR/unité testée/vendue.;"Très gros volume, pas d'OS, batteries à contrôler; recette normale exige 100 ventes et une garantie vendeur.";[];bm_e595;"[""Lenovo ThinkPad E595 Ryzen 5 16/256 — Back Market""]";https://www.backmarket.fr/fr-fr/p/lenovo-e595-15-ryzen-5-3500u-ghz-ssd-256-go-16-go/7c3dcefc-9ebf-48df-8d27-50ff8082cddb
294805;260635BR294805;409;12 PC portables LENOVO;https://encheres-domaine.gouv.fr/lot/12pcportableslenovo-1.html;2026-09-15T08:00:00+00:00;440.0;11.0;48.4;non_mentionnee;;0.0;488.4;2;1200;1900;711.6;1411.6;72;moyenne;30;150;11 L580 i5-8250U et un L570, environ 100 EUR/unité en lot et 155-165 EUR au détail.;"Pas d'OS; état des batteries/écrans à vérifier; volume de 12 unités.";[];lbc_dell_7490;"[""Dell Latitude 7490 i5 d'occasion — leboncoin""]";https://www.leboncoin.fr/ck/ordinateurs/pc-portable-dell-latitude-7490-i5
